,Alpha,Confusion Matrix,Confusion Matrix,Confusion Matrix,Confusion Matrix,Confusion Matrix,Confusion Matrix,Confusion Matrix,Confusion Matrix,Confusion Matrix,Confusion Matrix
0,0.0001,"[158, 152, 103, 367]","[137, 174, 89, 380]","[207, 104, 182, 287]","[141, 170, 102, 367]","[143, 168, 84, 385]","[146, 164, 75, 394]","[150, 160, 83, 386]","[172, 138, 114, 355]","[131, 179, 80, 389]","[169, 141, 90, 379]"
1,0.0005,"[153, 157, 92, 378]","[126, 185, 71, 398]","[128, 183, 54, 415]","[130, 181, 86, 383]","[159, 152, 97, 372]","[190, 120, 102, 367]","[176, 134, 130, 339]","[132, 178, 86, 383]","[168, 142, 99, 370]","[160, 150, 92, 377]"
2,0.0008,"[146, 164, 92, 378]","[124, 187, 69, 400]","[191, 120, 135, 334]","[164, 147, 115, 354]","[159, 152, 99, 370]","[181, 129, 91, 378]","[173, 137, 123, 346]","[139, 171, 90, 379]","[141, 169, 81, 388]","[163, 147, 92, 377]"
3,0.001,"[142, 168, 89, 381]","[127, 184, 68, 401]","[186, 125, 128, 341]","[140, 171, 91, 378]","[157, 154, 99, 370]","[176, 134, 87, 382]","[168, 142, 112, 357]","[151, 159, 90, 379]","[158, 152, 89, 380]","[164, 146, 92, 377]"
4,0.002,"[137, 173, 88, 382]","[143, 168, 80, 389]","[175, 136, 115, 354]","[147, 164, 91, 378]","[150, 161, 89, 380]","[163, 147, 74, 395]","[153, 157, 93, 376]","[139, 171, 84, 385]","[158, 152, 89, 380]","[153, 157, 81, 388]"
5,0.003,"[156, 154, 89, 381]","[141, 170, 77, 392]","[156, 155, 94, 375]","[149, 162, 95, 374]","[144, 167, 87, 382]","[160, 150, 73, 396]","[135, 175, 79, 390]","[138, 172, 83, 386]","[151, 159, 90, 379]","[146, 164, 77, 392]"
6,0.004,"[130, 180, 70, 400]","[143, 168, 81, 388]","[155, 156, 93, 376]","[149, 162, 107, 362]","[166, 145, 111, 358]","[158, 152, 71, 398]","[146, 164, 86, 383]","[139, 171, 91, 378]","[147, 163, 84, 385]","[189, 121, 113, 356]"
7,0.005,"[142, 168, 79, 391]","[140, 171, 75, 394]","[145, 166, 90, 379]","[152, 159, 107, 362]","[155, 156, 106, 363]","[141, 169, 64, 405]","[152, 158, 90, 379]","[139, 171, 90, 379]","[143, 167, 83, 386]","[185, 125, 112, 357]"
8,0.01,"[126, 184, 70, 400]","[127, 184, 71, 398]","[143, 168, 85, 384]","[139, 172, 86, 383]","[130, 181, 78, 391]","[131, 179, 57, 412]","[140, 170, 88, 381]","[129, 181, 86, 383]","[134, 176, 75, 394]","[147, 163, 82, 387]"
